{
  "embed_dim": 768,
  "image_resolution": 336,
  "vision_layers": 24,
  "vision_width": 1024,
  "vision_patch_size":  14,
  "context_length": 77,
  "vocab_size": 49408,
  "transformer_width": 768,
  "transformer_heads": 12,
  "transformer_layers": 12,
  "mean": [0.48145466, 0.4578275, 0.40821073],
  "std": [0.26862954, 0.26130258, 0.27577711]
}
